date,name,detaillink,open,point,rank
20200101,백두산,/moviedb/main?movieId=133855,2019.12.19,6.3,0
20200101,천문: 하늘에 묻는다,/moviedb/main?movieId=122361,2019.12.26,8.3,1
20200101,시동,/moviedb/main?movieId=128397,2019.12.18,7.7,2
20200101,미드웨이,/moviedb/main?movieId=132397,2019.12.31,7.7,3
20200101,겨울왕국 2,/moviedb/main?movieId=93004,2019.11.21,7.3,4
20200101,신비아파트 극장판 하늘도깨비 대 요르문간드,/moviedb/main?movieId=135716,2019.12.19,8.0,5
20200101,포드 V 페라리,/moviedb/main?movieId=128372,2019.12.04,8.6,6
20200101,나이브스 아웃,/moviedb/main?movieId=127153,2019.12.04,8.1,7
20200101,21 브릿지: 테러 셧다운 ,/moviedb/main?movieId=131200,2020.01.01,7.6,8
20200101,눈의 여왕4,/moviedb/main?movieId=128859,2019.12.24,7.9,9
20200101,프린스 코기,/moviedb/main?movieId=129412,2019.12.24,7.1,10
20200101,캣츠,/moviedb/main?movieId=127240,2019.12.24,5.3,11
20200101,피아니스트의 전설,/moviedb/main?movieId=3866,2020.01.01,9.0,12
20200101,파바로티,/moviedb/main?movieId=130688,2020.01.01,8.2,13
20200101,"고흐, 영원의 문에서",/moviedb/main?movieId=123857,2019.12.26,8.0,14
20200108,닥터 두리틀,/moviedb/main?movieId=126072,2019.12.19,6.3,0
20200108,백두산,/moviedb/main?movieId=133855,2019.12.26,8.3,1
20200108,스타워즈: 라이즈 오브 스카이워커,/moviedb/main?movieId=115602,2019.12.18,7.7,2
20200108,천문: 하늘에 묻는다,/moviedb/main?movieId=122361,2019.12.31,7.7,3
20200108,미드웨이,/moviedb/main?movieId=132397,2019.11.21,7.3,4
20200108,시동,/moviedb/main?movieId=128397,2019.12.19,8.0,5
20200108,겨울왕국 2,/moviedb/main?movieId=93004,2019.12.04,8.6,6
20200108,신비아파트 극장판 하늘도깨비 대 요르문간드,/moviedb/main?movieId=135716,2019.12.04,8.1,7
20200108,포드 V 페라리,/moviedb/main?movieId=128372,2020.01.01,7.6,8
20200108,나이브스 아웃,/moviedb/main?movieId=127153,2019.12.24,7.9,9
20200108,21 브릿지: 테러 셧다운 ,/moviedb/main?movieId=131200,2019.12.24,7.1,10
20200108,타발루가와 얼음공주,/moviedb/main?movieId=117929,2019.12.24,5.3,11
20200108,프린스 코기,/moviedb/main?movieId=129412,2020.01.01,9.0,12
20200108,눈의 여왕4,/moviedb/main?movieId=128859,2020.01.01,8.2,13
20200108,피아니스트의 전설,/moviedb/main?movieId=3866,2019.12.26,8.0,14
20200115,해치지않아,/moviedb/main?movieId=125368,2020.01.08,6.7,0
20200115,닥터 두리틀,/moviedb/main?movieId=126072,2019.12.19,6.3,1
20200115,나쁜 녀석들: 포에버,/moviedb/main?movieId=129100,2020.01.08,6.4,2
20200115,백두산,/moviedb/main?movieId=133855,2019.12.26,8.3,3
20200115,스타워즈: 라이즈 오브 스카이워커,/moviedb/main?movieId=115602,2019.12.31,7.7,4
20200115,천문: 하늘에 묻는다,/moviedb/main?movieId=122361,2019.12.18,7.7,5
20200115,시동,/moviedb/main?movieId=128397,2019.11.21,7.3,6
20200115,미드웨이,/moviedb/main?movieId=132397,2019.12.19,8.0,7
20200115,겨울왕국 2,/moviedb/main?movieId=93004,2019.12.04,8.6,8
20200115,타오르는 여인의 초상,/moviedb/main?movieId=131395,2019.12.04,8.1,9
20200115,신비아파트 극장판 하늘도깨비 대 요르문간드,/moviedb/main?movieId=135716,2020.01.01,7.6,10
20200115,나이브스 아웃,/moviedb/main?movieId=127153,2020.01.08,5.0,11
20200115,포드 V 페라리,/moviedb/main?movieId=128372,2019.12.24,7.1,12
20200115,히트맨,/moviedb/main?movieId=131909,2019.12.24,7.9,13
20200115,슈퍼 베어 ,/moviedb/main?movieId=125416,2020.01.01,9.0,14
20200122,남산의 부장들,/moviedb/main?movieId=122091,2019.12.19,6.3,0
20200122,히트맨,/moviedb/main?movieId=131909,2019.12.26,8.3,1
20200122,미스터 주: 사라진 VIP,/moviedb/main?movieId=121369,2019.12.18,7.7,2
20200122,해치지않아,/moviedb/main?movieId=125368,2019.12.31,7.7,3
20200122,스파이 지니어스 ,/moviedb/main?movieId=126030,2019.11.21,7.3,4
20200122,닥터 두리틀,/moviedb/main?movieId=126072,2019.12.19,8.0,5
20200122,나쁜 녀석들: 포에버,/moviedb/main?movieId=129100,2019.12.04,8.6,6
20200122,백두산,/moviedb/main?movieId=133855,2019.12.04,8.1,7
20200122,타오르는 여인의 초상,/moviedb/main?movieId=131395,2020.01.01,7.6,8
20200122,천문: 하늘에 묻는다,/moviedb/main?movieId=122361,2019.12.24,7.9,9
20200122,스타워즈: 라이즈 오브 스카이워커,/moviedb/main?movieId=115602,2019.12.24,7.1,10
20200122,오즈의 마법사: 요술구두와 말하는 책,/moviedb/main?movieId=137487,2019.12.24,5.3,11
20200122,겨울왕국 2,/moviedb/main?movieId=93004,2020.01.01,9.0,12
20200122,하이큐!! 땅 VS 하늘,/moviedb/main?movieId=137824,2020.01.01,8.2,13
20200122,프린스 코기,/moviedb/main?movieId=129412,2019.12.26,8.0,14
20200129,남산의 부장들,/moviedb/main?movieId=122091,2020.01.08,6.7,0
20200129,히트맨,/moviedb/main?movieId=131909,2019.12.19,6.3,1
20200129,미스터 주: 사라진 VIP,/moviedb/main?movieId=121369,2020.01.08,6.4,2
20200129,스파이 지니어스 ,/moviedb/main?movieId=126030,2019.12.26,8.3,3
20200129,해치지않아,/moviedb/main?movieId=125368,2019.12.31,7.7,4
20200129,인셉션,/moviedb/main?movieId=50364,2019.12.18,7.7,5
20200129,타오르는 여인의 초상,/moviedb/main?movieId=131395,2019.11.21,7.3,6
20200129,닥터 두리틀,/moviedb/main?movieId=126072,2019.12.19,8.0,7
20200129,나쁜 녀석들: 포에버,/moviedb/main?movieId=129100,2019.12.04,8.6,8
20200129,나이브스 아웃,/moviedb/main?movieId=127153,2019.12.04,8.1,9
20200129,핑크퐁 시네마 콘서트 : 우주대탐험,/moviedb/main?movieId=137992,2020.01.01,7.6,10
20200129,나이트 헌터,/moviedb/main?movieId=123174,2020.01.08,5.0,11
20200129,오즈의 마법사: 요술구두와 말하는 책,/moviedb/main?movieId=137487,2019.12.24,7.1,12
20200129,백두산,/moviedb/main?movieId=133855,2019.12.24,7.9,13
20200129,포드 V 페라리,/moviedb/main?movieId=128372,2020.01.01,9.0,14
20200205,클로젯,/moviedb/main?movieId=122090,2020.01.15,6.5,0
20200205,남산의 부장들,/moviedb/main?movieId=122091,2020.01.08,6.7,1
20200205,버즈 오브 프레이(할리 퀸의 황홀한 해방),/moviedb/main?movieId=127896,2020.01.15,5.8,2
20200205,히트맨,/moviedb/main?movieId=131909,2019.12.19,6.3,3
20200205,극장판 미니특공대: 공룡왕 디노 ,/moviedb/main?movieId=137622,2020.01.08,6.4,4
20200205,조조 래빗,/moviedb/main?movieId=122245,2019.12.26,8.3,5
20200205,인셉션,/moviedb/main?movieId=50364,2019.12.18,7.7,6
20200205,스파이 지니어스 ,/moviedb/main?movieId=126030,2019.12.31,7.7,7
20200205,타오르는 여인의 초상,/moviedb/main?movieId=131395,2019.11.21,7.3,8
20200205,페인 앤 글로리,/moviedb/main?movieId=131239,2020.01.16,8.4,9
20200205,미스터 주: 사라진 VIP,/moviedb/main?movieId=121369,2019.12.19,8.0,10
20200205,작은 아씨들,/moviedb/main?movieId=127122,2019.12.04,8.1,11
20200205,나이브스 아웃,/moviedb/main?movieId=127153,2019.12.04,8.6,12
20200205,이 멋진 세계에 축복을! 붉은 전설,/moviedb/main?movieId=126291,2020.01.22,6.3,13
20200205,해치지않아,/moviedb/main?movieId=125368,2020.01.15,6.1,14
20200212,정직한 후보,/moviedb/main?movieId=130428,2019.12.19,6.3,0
20200212,클로젯,/moviedb/main?movieId=122090,2019.12.26,8.3,1
20200212,작은 아씨들,/moviedb/main?movieId=127122,2019.12.18,7.7,2
20200212,남산의 부장들,/moviedb/main?movieId=122091,2019.12.31,7.7,3
20200212,기생충,/moviedb/main?movieId=111292,2019.11.21,7.3,4
20200212,버즈 오브 프레이(할리 퀸의 황홀한 해방),/moviedb/main?movieId=127896,2019.12.19,8.0,5
20200212,수퍼 소닉,/moviedb/main?movieId=127118,2019.12.04,8.6,6
20200212,히트맨,/moviedb/main?movieId=131909,2019.12.04,8.1,7
20200212,조조 래빗,/moviedb/main?movieId=122245,2020.01.01,7.6,8
20200212,극장판 미니특공대: 공룡왕 디노 ,/moviedb/main?movieId=137622,2019.12.24,7.9,9
20200212,극장판 원피스 스탬피드,/moviedb/main?movieId=134204,2019.12.24,7.1,10
20200212,인셉션,/moviedb/main?movieId=50364,2019.12.24,5.3,11
20200212,타오르는 여인의 초상,/moviedb/main?movieId=131395,2020.01.01,9.0,12
20200212,페인 앤 글로리,/moviedb/main?movieId=131239,2020.01.01,8.2,13
20200212,이 멋진 세계에 축복을! 붉은 전설,/moviedb/main?movieId=126291,2019.12.26,8.0,14
20200219,정직한 후보,/moviedb/main?movieId=130428,2020.01.08,6.7,0
20200219,지푸라기라도 잡고 싶은 짐승들,/moviedb/main?movieId=124456,2019.12.19,6.3,1
20200219,1917,/moviedb/main?movieId=134091,2020.01.08,6.4,2
20200219,작은 아씨들,/moviedb/main?movieId=127122,2019.12.26,8.3,3
20200219,클로젯,/moviedb/main?movieId=122090,2019.12.31,7.7,4
20200219,기생충,/moviedb/main?movieId=111292,2019.12.18,7.7,5
20200219,수퍼 소닉,/moviedb/main?movieId=127118,2019.11.21,7.3,6
20200219,남산의 부장들,/moviedb/main?movieId=122091,2019.12.19,8.0,7
20200219,"하이, 젝시",/moviedb/main?movieId=135065,2019.12.04,8.6,8
20200219,버즈 오브 프레이(할리 퀸의 황홀한 해방),/moviedb/main?movieId=127896,2019.12.04,8.1,9
20200219,조조 래빗,/moviedb/main?movieId=122245,2020.01.01,7.6,10
20200219,숀더쉽 더 무비: 꼬마 외계인 룰라!,/moviedb/main?movieId=127328,2020.01.08,5.0,11
20200219,극장판 미니특공대: 공룡왕 디노 ,/moviedb/main?movieId=137622,2019.12.24,7.1,12
20200219,극장판 원피스 스탬피드,/moviedb/main?movieId=134204,2019.12.24,7.9,13
20200219,히트맨,/moviedb/main?movieId=131909,2020.01.01,9.0,14
20200226,인비저블맨,/moviedb/main?movieId=136221,2020.01.15,6.5,0
20200226,1917,/moviedb/main?movieId=134091,2020.01.08,6.7,1
20200226,지푸라기라도 잡고 싶은 짐승들,/moviedb/main?movieId=124456,2020.01.15,5.8,2
20200226,정직한 후보,/moviedb/main?movieId=130428,2019.12.19,6.3,3
20200226,작은 아씨들,/moviedb/main?movieId=127122,2020.01.08,6.4,4
20200226,젠틀맨,/moviedb/main?movieId=129177,2019.12.26,8.3,5
20200226,해리포터와 아즈카반의 죄수,/moviedb/main?movieId=35497,2019.12.18,7.7,6
20200226,클로젯,/moviedb/main?movieId=122090,2019.12.31,7.7,7
20200226,기생충,/moviedb/main?movieId=111292,2019.11.21,7.3,8
20200226,조조 래빗,/moviedb/main?movieId=122245,2020.01.16,8.4,9
20200226,"하이, 젝시",/moviedb/main?movieId=135065,2019.12.19,8.0,10
20200226,시원찮은 그녀를 위한 육성방법 피날레,/moviedb/main?movieId=136373,2019.12.04,8.1,11
20200226,작가 미상,/moviedb/main?movieId=122805,2019.12.04,8.6,12
20200226,엠마,/moviedb/main?movieId=137064,2020.01.22,6.3,13
20200226,수퍼 소닉,/moviedb/main?movieId=127118,2020.01.15,6.1,14
20200304,인비저블맨,/moviedb/main?movieId=136221,2020.01.22,8.4,0
20200304,1917,/moviedb/main?movieId=134091,2020.01.22,6.3,1
20200304,지푸라기라도 잡고 싶은 짐승들,/moviedb/main?movieId=124456,2020.01.22,5.2,2
20200304,정직한 후보,/moviedb/main?movieId=130428,2020.01.15,6.5,3
20200304,작은 아씨들,/moviedb/main?movieId=127122,2020.01.22,8.2,4
20200304,젠틀맨,/moviedb/main?movieId=129177,2020.01.08,6.7,5
20200304,해리포터와 아즈카반의 죄수,/moviedb/main?movieId=35497,2020.01.15,5.8,6
20200304,더 보이 2: 돌아온 브람스 ,/moviedb/main?movieId=138308,2019.12.19,6.3,7
20200304,울프 콜,/moviedb/main?movieId=127612,2020.01.16,8.4,8
20200304,어바웃 타임,/moviedb/main?movieId=70829,2019.12.26,8.3,9
20200304,찬실이는 복도 많지,/moviedb/main?movieId=135083,2020.01.08,6.4,10
20200304,비긴 어게인,/moviedb/main?movieId=80780,2020.01.22,4.0,11
20200304,싱 스트리트,/moviedb/main?movieId=100619,2019.11.21,7.3,12
20200304,캐롤,/moviedb/main?movieId=93923,2020.01.23,7.5,13
20200304,조조 래빗,/moviedb/main?movieId=122245,2019.12.24,7.1,14
20200311,인비저블맨,/moviedb/main?movieId=136221,2019.12.19,6.3,0
20200311,1917,/moviedb/main?movieId=134091,2019.12.26,8.3,1
20200311,다크 워터스 ,/moviedb/main?movieId=135371,2019.12.18,7.7,2
20200311,지푸라기라도 잡고 싶은 짐승들,/moviedb/main?movieId=124456,2019.12.31,7.7,3
20200311,작은 아씨들,/moviedb/main?movieId=127122,2019.11.21,7.3,4
20200311,정직한 후보,/moviedb/main?movieId=130428,2019.12.19,8.0,5
20200311,스타 이즈 본,/moviedb/main?movieId=70534,2019.12.04,8.6,6
20200311,어바웃 타임,/moviedb/main?movieId=70829,2019.12.04,8.1,7
20200311,해리포터와 아즈카반의 죄수,/moviedb/main?movieId=35497,2020.01.01,7.6,8
20200311,더 보이 2: 돌아온 브람스 ,/moviedb/main?movieId=138308,2019.12.24,7.9,9
20200311,울프 콜,/moviedb/main?movieId=127612,2019.12.24,7.1,10
20200311,비긴 어게인,/moviedb/main?movieId=80780,2019.12.24,5.3,11
20200311,메멘토,/moviedb/main?movieId=3134,2020.01.01,9.0,12
20200311,찬실이는 복도 많지,/moviedb/main?movieId=135083,2020.01.01,8.2,13
20200311,젠틀맨,/moviedb/main?movieId=129177,2019.12.26,8.0,14
20200318,인비저블맨,/moviedb/main?movieId=136221,2020.01.08,6.7,0
20200318,1917,/moviedb/main?movieId=134091,2019.12.19,6.3,1
20200318,다크 워터스 ,/moviedb/main?movieId=135371,2020.01.08,6.4,2
20200318,정직한 후보,/moviedb/main?movieId=130428,2019.12.26,8.3,3
20200318,지푸라기라도 잡고 싶은 짐승들,/moviedb/main?movieId=124456,2019.12.31,7.7,4
20200318,작은 아씨들,/moviedb/main?movieId=127122,2019.12.18,7.7,5
20200318,스타 이즈 본,/moviedb/main?movieId=70534,2019.11.21,7.3,6
20200318,세인트 아가타 ,/moviedb/main?movieId=116850,2019.12.19,8.0,7
20200318,어바웃 타임,/moviedb/main?movieId=70829,2019.12.04,8.6,8
20200318,메멘토,/moviedb/main?movieId=3134,2019.12.04,8.1,9
20200318,쉰들러 리스트,/moviedb/main?movieId=2665,2020.01.01,7.6,10
20200318,분노의 질주: 더 익스트림,/moviedb/main?movieId=100649,2020.01.08,5.0,11
20200318,찬실이는 복도 많지,/moviedb/main?movieId=135083,2019.12.24,7.1,12
20200318,그린 북,/moviedb/main?movieId=123948,2019.12.24,7.9,13
20200318,존 윅,/moviedb/main?movieId=,2020.01.01,9.0,14
20200325,인비저블맨,/moviedb/main?movieId=136221,2020.01.15,6.5,0
20200325,1917,/moviedb/main?movieId=134091,2020.01.08,6.7,1
20200325,주디,/moviedb/main?movieId=131576,2020.01.15,5.8,2
20200325,스케어리 스토리:어둠의 속삭임 ,/moviedb/main?movieId=128701,2019.12.19,6.3,3
20200325,라라랜드,/moviedb/main?movieId=95306,2020.01.08,6.4,4
20200325,다크 워터스 ,/moviedb/main?movieId=135371,2019.12.26,8.3,5
20200325,정직한 후보,/moviedb/main?movieId=130428,2019.12.18,7.7,6
20200325,사랑하고 있습니까,/moviedb/main?movieId=138865,2019.12.31,7.7,7
20200325,날씨의 아이,/moviedb/main?movieId=130676,2019.11.21,7.3,8
20200325,지푸라기라도 잡고 싶은 짐승들,/moviedb/main?movieId=124456,2020.01.16,8.4,9
20200325,작은 아씨들,/moviedb/main?movieId=127122,2019.12.19,8.0,10
20200325,트루먼 쇼,/moviedb/main?movieId=1660,2019.12.04,8.1,11
20200325,페임,/moviedb/main?movieId=51022,2019.12.04,8.6,12
20200325,너의 이름은.,/moviedb/main?movieId=104209,2020.01.22,6.3,13
20200325,바이올렛 에버가든 – 영원과 자동 수기 인형 -,/moviedb/main?movieId=135134,2020.01.15,6.1,14
20200401,엽문4: 더 파이널,/moviedb/main?movieId=137490,2020.01.22,8.4,0
20200401,주디,/moviedb/main?movieId=131576,2020.01.22,6.3,1
20200401,1917,/moviedb/main?movieId=134091,2020.01.22,5.2,2
20200401,인비저블맨,/moviedb/main?movieId=136221,2020.01.15,6.5,3
20200401,스케어리 스토리:어둠의 속삭임 ,/moviedb/main?movieId=128701,2020.01.22,8.2,4
20200401,n번째 이별 중,/moviedb/main?movieId=126642,2020.01.08,6.7,5
20200401,더 터닝 ,/moviedb/main?movieId=129135,2020.01.15,5.8,6
20200401,라라랜드,/moviedb/main?movieId=95306,2019.12.19,6.3,7
20200401,다크 워터스 ,/moviedb/main?movieId=135371,2020.01.16,8.4,8
20200401,날씨의 아이,/moviedb/main?movieId=130676,2019.12.26,8.3,9
20200401,사랑하고 있습니까,/moviedb/main?movieId=138865,2020.01.08,6.4,10
20200401,정직한 후보,/moviedb/main?movieId=130428,2020.01.22,4.0,11
20200401,지푸라기라도 잡고 싶은 짐승들,/moviedb/main?movieId=124456,2019.11.21,7.3,12
20200401,작은 아씨들,/moviedb/main?movieId=127122,2020.01.23,7.5,13
20200401,바이올렛 에버가든 – 영원과 자동 수기 인형 -,/moviedb/main?movieId=135134,2019.12.24,7.1,14
20200408,1917,/moviedb/main?movieId=134091,2020.01.22,8.4,0
20200408,엽문4: 더 파이널,/moviedb/main?movieId=137490,2020.01.22,6.3,1
20200408,주디,/moviedb/main?movieId=131576,2020.01.22,5.2,2
20200408,오픈 더 도어 ,/moviedb/main?movieId=130321,2020.01.22,8.2,3
20200408,인비저블맨,/moviedb/main?movieId=136221,2020.01.15,6.5,4
20200408,n번째 이별 중,/moviedb/main?movieId=126642,2010.07.21,8.7,5
20200408,라라랜드,/moviedb/main?movieId=95306,2020.01.16,8.4,6
20200408,신과 나: 100일간의 거래,/moviedb/main?movieId=129322,2020.01.08,6.7,7
20200408,더 터닝 ,/moviedb/main?movieId=129135,2020.01.15,5.8,8
20200408,스케어리 스토리:어둠의 속삭임 ,/moviedb/main?movieId=128701,2019.12.04,8.1,9
20200408,사랑이 뭘까,/moviedb/main?movieId=125836,2020.01.30,6.5,10
20200408,날씨의 아이,/moviedb/main?movieId=130676,2020.01.29,5.3,11
20200408,"나는 내일, 어제의 너와 만난다",/moviedb/main?movieId=108853,2020.01.22,4.0,12
20200408,"그 시절, 우리가 좋아했던 소녀",/moviedb/main?movieId=66343,2019.12.19,6.3,13
20200408,공수도,/moviedb/main?movieId=131508,2019.12.04,8.6,14
20200415,1917,/moviedb/main?movieId=134091,2019.12.19,6.3,0
20200415,라라랜드,/moviedb/main?movieId=95306,2019.12.26,8.3,1
20200415,서치 아웃,/moviedb/main?movieId=139604,2019.12.18,7.7,2
20200415,건즈 아킴보,/moviedb/main?movieId=134531,2019.12.31,7.7,3
20200415,오픈 더 도어 ,/moviedb/main?movieId=130321,2019.11.21,7.3,4
20200415,엽문4: 더 파이널,/moviedb/main?movieId=137490,2019.12.19,8.0,5
20200415,비밀정보원: 인 더 프리즌 ,/moviedb/main?movieId=128700,2019.12.04,8.6,6
20200415,유령선,/moviedb/main?movieId=140319,2019.12.04,8.1,7
20200415,주디,/moviedb/main?movieId=131576,2020.01.01,7.6,8
20200415,라라걸,/moviedb/main?movieId=124109,2019.12.24,7.9,9
20200415,로건,/moviedb/main?movieId=103596,2019.12.24,7.1,10
20200415,날씨의 아이,/moviedb/main?movieId=130676,2019.12.24,5.3,11
20200415,인비저블맨,/moviedb/main?movieId=136221,2020.01.01,9.0,12
20200415,레미제라블,/moviedb/main?movieId=67256,2020.01.01,8.2,13
20200415,n번째 이별 중,/moviedb/main?movieId=126642,2019.12.26,8.0,14
20200422,라라랜드,/moviedb/main?movieId=95306,2020.01.08,6.7,0
20200422,1917,/moviedb/main?movieId=134091,2019.12.19,6.3,1
20200422,서치 아웃,/moviedb/main?movieId=139604,2020.01.08,6.4,2
20200422,어벤져스,/moviedb/main?movieId=54081,2019.12.26,8.3,3
20200422,건즈 아킴보,/moviedb/main?movieId=134531,2019.12.31,7.7,4
20200422,유령선,/moviedb/main?movieId=140319,2019.12.18,7.7,5
20200422,비밀정보원: 인 더 프리즌 ,/moviedb/main?movieId=128700,2019.11.21,7.3,6
20200422,어벤져스: 에이지 오브 울트론,/moviedb/main?movieId=73750,2019.12.19,8.0,7
20200422,애프터 웨딩 인 뉴욕 ,/moviedb/main?movieId=120830,2019.12.04,8.6,8
20200422,시네마 천국,/moviedb/main?movieId=1511,2019.12.04,8.1,9
20200422,이누야시키 : 히어로 VS 빌런,/moviedb/main?movieId=119940,2020.01.01,7.6,10
20200422,오픈 더 도어 ,/moviedb/main?movieId=130321,2020.01.08,5.0,11
20200422,엽문4: 더 파이널,/moviedb/main?movieId=137490,2019.12.24,7.1,12
20200422,날씨의 아이,/moviedb/main?movieId=130676,2019.12.24,7.9,13
20200422,라라걸,/moviedb/main?movieId=124109,2020.01.01,9.0,14
20200429,트롤: 월드 투어,/moviedb/main?movieId=122296,2020.01.15,6.5,0
20200429,나의 청춘은 너의 것,/moviedb/main?movieId=131303,2020.01.08,6.7,1
20200429,저 산 너머,/moviedb/main?movieId=140310,2020.01.15,5.8,2
20200429,호텔 레이크,/moviedb/main?movieId=124805,2019.12.19,6.3,3
20200429,어벤져스: 엔드게임,/moviedb/main?movieId=93252,2020.01.08,6.4,4
20200429,1917,/moviedb/main?movieId=134091,2019.12.26,8.3,5
20200429,마이 스파이,/moviedb/main?movieId=130534,2019.12.18,7.7,6
20200429,라라랜드,/moviedb/main?movieId=95306,2019.12.31,7.7,7
20200429,패왕별희 디 오리지널,/moviedb/main?movieId=2674,2019.11.21,7.3,8
20200429,기생충,/moviedb/main?movieId=111292,2020.01.16,8.4,9
20200429,어벤져스: 인피니티 워,/moviedb/main?movieId=93251,2019.12.19,8.0,10
20200429,킹덤,/moviedb/main?movieId=126905,2019.12.04,8.1,11
20200429,캣츠토피아,/moviedb/main?movieId=120365,2019.12.04,8.6,12
20200429,애프터 웨딩 인 뉴욕 ,/moviedb/main?movieId=120830,2020.01.22,6.3,13
20200429,유령선,/moviedb/main?movieId=140319,2020.01.15,6.1,14
20200506,트롤: 월드 투어,/moviedb/main?movieId=122296,2020.01.22,8.4,0
20200506,레이니 데이 인 뉴욕,/moviedb/main?movieId=128800,2020.01.22,6.3,1
20200506,저 산 너머,/moviedb/main?movieId=140310,2020.01.22,5.2,2
20200506,패왕별희 디 오리지널,/moviedb/main?movieId=2674,2020.01.15,6.5,3
20200506,나의 청춘은 너의 것,/moviedb/main?movieId=131303,2020.01.22,8.2,4
20200506,호텔 레이크,/moviedb/main?movieId=124805,2020.01.08,6.7,5
20200506,프리즌 이스케이프,/moviedb/main?movieId=139533,2020.01.15,5.8,6
20200506,마이 스파이,/moviedb/main?movieId=130534,2019.12.19,6.3,7
20200506,1917,/moviedb/main?movieId=134091,2020.01.16,8.4,8
20200506,라라랜드,/moviedb/main?movieId=95306,2019.12.26,8.3,9
20200506,캣츠토피아,/moviedb/main?movieId=120365,2020.01.08,6.4,10
20200506,기생충,/moviedb/main?movieId=111292,2020.01.22,4.0,11
20200506,알리타: 배틀 엔젤,/moviedb/main?movieId=106442,2019.11.21,7.3,12
20200506,마션,/moviedb/main?movieId=94626,2020.01.23,7.5,13
20200506,킹덤,/moviedb/main?movieId=126905,2019.12.24,7.1,14
20200513,프리즌 이스케이프,/moviedb/main?movieId=139533,2020.01.22,8.4,0
20200513,더 플랫폼,/moviedb/main?movieId=136081,2020.01.22,6.3,1
20200513,레이니 데이 인 뉴욕,/moviedb/main?movieId=128800,2020.01.22,5.2,2
20200513,콜 오브 와일드,/moviedb/main?movieId=135754,2020.01.22,8.2,3
20200513,저 산 너머,/moviedb/main?movieId=140310,2020.01.15,6.5,4
20200513,트롤: 월드 투어,/moviedb/main?movieId=122296,2010.07.21,8.7,5
20200513,패왕별희 디 오리지널,/moviedb/main?movieId=2674,2020.01.16,8.4,6
20200513,톰보이,/moviedb/main?movieId=63556,2020.01.08,6.7,7
20200513,나의 청춘은 너의 것,/moviedb/main?movieId=131303,2020.01.15,5.8,8
20200513,씨 피버,/moviedb/main?movieId=135205,2019.12.04,8.1,9
20200513,레미제라블: 뮤지컬 콘서트,/moviedb/main?movieId=138544,2020.01.30,6.5,10
20200513,호텔 레이크,/moviedb/main?movieId=124805,2020.01.29,5.3,11
20200513,1917,/moviedb/main?movieId=134091,2020.01.22,4.0,12
20200513,라라랜드,/moviedb/main?movieId=95306,2019.12.19,6.3,13
20200513,하이큐!! 또 다른 도전,/moviedb/main?movieId=140776,2019.12.04,8.6,14
20200520,프리즌 이스케이프,/moviedb/main?movieId=139533,2020.02.05,6.3,0
20200520,위대한 쇼맨,/moviedb/main?movieId=53080,2020.01.22,8.4,1
20200520,더 플랫폼,/moviedb/main?movieId=136081,2020.02.05,5.8,2
20200520,카페 벨에포크,/moviedb/main?movieId=131556,2020.01.22,6.3,3
20200520,콜 오브 와일드,/moviedb/main?movieId=135754,2020.02.06,7.2,4
20200520,킬러의 보디가드 무삭제 특별판,/moviedb/main?movieId=111489,2020.02.05,8.4,5
20200520,패왕별희 디 오리지널,/moviedb/main?movieId=2674,2010.07.21,8.7,6
20200520,레이니 데이 인 뉴욕,/moviedb/main?movieId=128800,2020.01.22,8.2,7
20200520,톰보이,/moviedb/main?movieId=63556,2020.01.16,8.4,8
20200520,트롤: 월드 투어,/moviedb/main?movieId=122296,2020.02.05,7.8,9
20200520,라스트 풀 메저,/moviedb/main?movieId=123717,2020.01.22,5.2,10
20200520,날씨의 아이,/moviedb/main?movieId=130676,2020.02.12,7.3,11
20200520,저 산 너머,/moviedb/main?movieId=140310,2019.12.04,8.1,12
20200520,루키스,/moviedb/main?movieId=130664,2020.02.06,6.9,13
20200520,루팡 3세: 더 퍼스트,/moviedb/main?movieId=137484,2020.01.15,6.5,14
20200527,위대한 쇼맨,/moviedb/main?movieId=53080,2019.12.19,6.3,0
20200527,언더워터,/moviedb/main?movieId=124275,2019.12.26,8.3,1
20200527,프리즌 이스케이프,/moviedb/main?movieId=139533,2019.12.18,7.7,2
20200527,카페 벨에포크,/moviedb/main?movieId=131556,2019.12.31,7.7,3
20200527,그집,/moviedb/main?movieId=135220,2019.11.21,7.3,4
20200527,미스비헤이비어,/moviedb/main?movieId=137819,2019.12.19,8.0,5
20200527,더 플랫폼,/moviedb/main?movieId=136081,2019.12.04,8.6,6
20200527,초미의 관심사,/moviedb/main?movieId=134929,2019.12.04,8.1,7
20200527,아홉 스님,/moviedb/main?movieId=141251,2020.01.01,7.6,8
20200527,패왕별희 디 오리지널,/moviedb/main?movieId=2674,2019.12.24,7.9,9
20200527,킬러의 보디가드 무삭제 특별판,/moviedb/main?movieId=111489,2019.12.24,7.1,10
20200527,날씨의 아이,/moviedb/main?movieId=130676,2019.12.24,5.3,11
20200527,톰보이,/moviedb/main?movieId=63556,2020.01.01,9.0,12
20200527,트롤: 월드 투어,/moviedb/main?movieId=122296,2020.01.01,8.2,13
20200527,"조금씩, 천천히 안녕",/moviedb/main?movieId=129538,2019.12.26,8.0,14
20200603,침입자,/moviedb/main?movieId=128636,2020.01.08,6.7,0
20200603,위대한 쇼맨,/moviedb/main?movieId=53080,2019.12.19,6.3,1
20200603,언더워터,/moviedb/main?movieId=124275,2020.01.08,6.4,2
20200603,프리즌 이스케이프,/moviedb/main?movieId=139533,2019.12.26,8.3,3
20200603,카페 벨에포크,/moviedb/main?movieId=131556,2019.12.31,7.7,4
20200603,매드 맥스: 분노의 도로,/moviedb/main?movieId=54361,2019.12.18,7.7,5
20200603,미스비헤이비어,/moviedb/main?movieId=137819,2019.11.21,7.3,6
20200603,그집,/moviedb/main?movieId=135220,2019.12.19,8.0,7
20200603,아홉 스님,/moviedb/main?movieId=141251,2019.12.04,8.6,8
20200603,프랑스여자,/moviedb/main?movieId=130961,2019.12.04,8.1,9
20200603,라이프 오브 파이,/moviedb/main?movieId=61622,2020.01.01,7.6,10
20200603,슈퍼스타 뚜루,/moviedb/main?movieId=138059,2020.01.08,5.0,11
20200603,초미의 관심사,/moviedb/main?movieId=134929,2019.12.24,7.1,12
20200603,패왕별희 디 오리지널,/moviedb/main?movieId=2674,2019.12.24,7.9,13
20200603,더 플랫폼,/moviedb/main?movieId=136081,2020.01.01,9.0,14
20200610,결백,/moviedb/main?movieId=126126,2020.01.15,6.5,0
20200610,침입자,/moviedb/main?movieId=128636,2020.01.08,6.7,1
20200610,에어로너츠,/moviedb/main?movieId=126335,2020.01.15,5.8,2
20200610,위대한 쇼맨,/moviedb/main?movieId=53080,2019.12.19,6.3,3
20200610,나의 첫 번째 슈퍼스타,/moviedb/main?movieId=138347,2020.01.08,6.4,4
20200610,아이즈 온 미 : 더 무비,/moviedb/main?movieId=135891,2019.12.26,8.3,5
20200610,매드 맥스: 분노의 도로,/moviedb/main?movieId=54361,2019.12.18,7.7,6
20200610,프리즌 이스케이프,/moviedb/main?movieId=139533,2019.12.31,7.7,7
20200610,콜 미 바이 유어 네임,/moviedb/main?movieId=109076,2019.11.21,7.3,8
20200610,너는 달밤에 빛나고,/moviedb/main?movieId=129751,2020.01.16,8.4,9
20200610,언더워터,/moviedb/main?movieId=124275,2019.12.19,8.0,10
20200610,레옹 디 오리지널,/moviedb/main?movieId=1173,2019.12.04,8.1,11
20200610,카페 벨에포크,/moviedb/main?movieId=131556,2019.12.04,8.6,12
20200610,그랜드 부다페스트 호텔,/moviedb/main?movieId=73204,2020.01.22,6.3,13
20200610,프랑스여자,/moviedb/main?movieId=130961,2020.01.15,6.1,14
20200617,결백,/moviedb/main?movieId=126126,2020.01.22,8.4,0
20200617,온워드: 단 하루의 기적,/moviedb/main?movieId=129134,2020.01.22,6.3,1
20200617,사라진 시간,/moviedb/main?movieId=125255,2020.01.22,5.2,2
20200617,침입자,/moviedb/main?movieId=128636,2020.01.15,6.5,3
20200617,위대한 쇼맨,/moviedb/main?movieId=53080,2020.01.22,8.2,4
20200617,에어로너츠,/moviedb/main?movieId=126335,2020.01.08,6.7,5
20200617,야구소녀,/moviedb/main?movieId=126413,2020.01.15,5.8,6
20200617,나의 첫 번째 슈퍼스타,/moviedb/main?movieId=138347,2019.12.19,6.3,7
20200617,아이즈 온 미 : 더 무비,/moviedb/main?movieId=135891,2020.01.16,8.4,8
20200617,콜 미 바이 유어 네임,/moviedb/main?movieId=109076,2019.12.26,8.3,9
20200617,아이 캔 온리 이매진,/moviedb/main?movieId=116638,2020.01.08,6.4,10
20200617,레옹 디 오리지널,/moviedb/main?movieId=1173,2020.01.22,4.0,11
20200617,프랑스여자,/moviedb/main?movieId=130961,2019.11.21,7.3,12
20200617,러브레터,/moviedb/main?movieId=3262,2020.01.23,7.5,13
20200617,너는 달밤에 빛나고,/moviedb/main?movieId=129751,2019.12.24,7.1,14
20200624,#살아있다,/moviedb/main?movieId=134684,2020.01.22,8.4,0
20200624,결백,/moviedb/main?movieId=126126,2020.01.22,6.3,1
20200624,온워드: 단 하루의 기적,/moviedb/main?movieId=129134,2020.01.22,5.2,2
20200624,사라진 시간,/moviedb/main?movieId=125255,2020.01.22,8.2,3
20200624,배트맨 비긴즈,/moviedb/main?movieId=40472,2020.01.15,6.5,4
20200624,위대한 쇼맨,/moviedb/main?movieId=53080,2010.07.21,8.7,5
20200624,침입자,/moviedb/main?movieId=128636,2020.01.16,8.4,6
20200624,야구소녀,/moviedb/main?movieId=126413,2020.01.08,6.7,7
20200624,엔딩스 비기닝스,/moviedb/main?movieId=134966,2020.01.15,5.8,8
20200624,슬럼독 밀리어네어,/moviedb/main?movieId=47448,2019.12.04,8.1,9
20200624,콜 미 바이 유어 네임,/moviedb/main?movieId=109076,2020.01.30,6.5,10
20200624,나의 첫 번째 슈퍼스타,/moviedb/main?movieId=138347,2020.01.29,5.3,11
20200624,에어로너츠,/moviedb/main?movieId=126335,2020.01.22,4.0,12
20200624,부력,/moviedb/main?movieId=128835,2019.12.19,6.3,13
20200624,에이브의 쿠킹 다이어리,/moviedb/main?movieId=127940,2019.12.04,8.6,14
20200701,#살아있다,/moviedb/main?movieId=134684,2020.02.05,6.3,0
20200701,결백,/moviedb/main?movieId=126126,2020.01.22,8.4,1
20200701,온워드: 단 하루의 기적,/moviedb/main?movieId=129134,2020.02.05,5.8,2
20200701,소리꾼,/moviedb/main?movieId=,2020.01.22,6.3,3
20200701,다크 나이트,/moviedb/main?movieId=43569,2020.02.06,7.2,4
20200701,인베이젼 2020,/moviedb/main?movieId=140920,2020.02.05,8.4,5
20200701,위대한 쇼맨,/moviedb/main?movieId=53080,2010.07.21,8.7,6
20200701,배트맨 비긴즈,/moviedb/main?movieId=40472,2020.01.22,8.2,7
20200701,"아무튼, 아담",/moviedb/main?movieId=141950,2020.01.16,8.4,8
20200701,사라진 시간,/moviedb/main?movieId=125255,2020.02.05,7.8,9
20200701,야구소녀,/moviedb/main?movieId=126413,2020.01.22,5.2,10
20200701,트로이 디렉터스 컷,/moviedb/main?movieId=37066,2020.02.12,7.3,11
20200701,부산행:익스텐디드,/moviedb/main?movieId=,2019.12.04,8.1,12
20200701,해피 디 데이,/moviedb/main?movieId=121032,2020.02.06,6.9,13
20200701,엔딩스 비기닝스,/moviedb/main?movieId=134966,2020.01.15,6.5,14
20200708,#살아있다,/moviedb/main?movieId=134684,2020.02.12,7.3,0
20200708,밤쉘: 세상을 바꾼 폭탄선언,/moviedb/main?movieId=136058,2020.02.05,6.3,1
20200708,결백,/moviedb/main?movieId=126126,2020.02.12,7.3,2
20200708,온워드: 단 하루의 기적,/moviedb/main?movieId=129134,2020.01.22,8.4,3
20200708,다크 나이트 라이즈,/moviedb/main?movieId=57958,2019.05.30,7.9,4
20200708,소리꾼,/moviedb/main?movieId=,2020.02.05,5.8,5
20200708,소년시절의 너,/moviedb/main?movieId=131537,2020.02.12,6.8,6
20200708,다크 나이트,/moviedb/main?movieId=43569,2020.01.22,6.3,7
20200708,그레텔과 헨젤,/moviedb/main?movieId=135059,2020.02.05,8.4,8
20200708,원 데이,/moviedb/main?movieId=59154,2020.02.06,7.2,9
20200708,BIFAN2020 판타스틱 단편 걸작선 1,/moviedb/main?movieId=,2020.02.13,7.4,10
20200708,너와 파도를 탈 수 있다면,/moviedb/main?movieId=131049,2010.07.21,8.7,11
20200708,위대한 쇼맨,/moviedb/main?movieId=53080,2020.01.16,8.4,12
20200708,딥워터,/moviedb/main?movieId=141781,2020.02.05,7.8,13
20200708,"아무튼, 아담",/moviedb/main?movieId=141950,2020.02.06,6.9,14
20200715,반도,/moviedb/main?movieId=125372,2019.12.19,6.3,0
20200715,#살아있다,/moviedb/main?movieId=134684,2019.12.26,8.3,1
20200715,밤쉘: 세상을 바꾼 폭탄선언,/moviedb/main?movieId=136058,2019.12.18,7.7,2
20200715,온워드: 단 하루의 기적,/moviedb/main?movieId=129134,2019.12.31,7.7,3
20200715,소년시절의 너,/moviedb/main?movieId=131537,2019.11.21,7.3,4
20200715,BIFAN2020 판타스틱 단편 걸작선 1,/moviedb/main?movieId=,2019.12.19,8.0,5
20200715,결백,/moviedb/main?movieId=126126,2019.12.04,8.6,6
20200715,비바리움,/moviedb/main?movieId=133970,2019.12.04,8.1,7
20200715,원 데이,/moviedb/main?movieId=59154,2020.01.01,7.6,8
20200715,다크 나이트 라이즈,/moviedb/main?movieId=57958,2019.12.24,7.9,9
20200715,소리꾼,/moviedb/main?movieId=,2019.12.24,7.1,10
20200715,부활,/moviedb/main?movieId=142293,2019.12.24,5.3,11
20200715,지저귀는 새는 날지 않는다,/moviedb/main?movieId=139254,2020.01.01,9.0,12
20200715,위대한 쇼맨,/moviedb/main?movieId=53080,2020.01.01,8.2,13
20200715,맛있는 녀석들,/moviedb/main?movieId=124173,2019.12.26,8.0,14
20200722,반도,/moviedb/main?movieId=125372,2020.01.08,6.7,0
20200722,알라딘,/moviedb/main?movieId=115601,2019.12.19,6.3,1
20200722,#살아있다,/moviedb/main?movieId=134684,2020.01.08,6.4,2
20200722,밤쉘: 세상을 바꾼 폭탄선언,/moviedb/main?movieId=136058,2019.12.26,8.3,3
20200722,팬데믹,/moviedb/main?movieId=131441,2019.12.31,7.7,4
20200722,블루 아워,/moviedb/main?movieId=129540,2019.12.18,7.7,5
20200722,파리의 인어,/moviedb/main?movieId=138532,2019.11.21,7.3,6
20200722,소년시절의 너,/moviedb/main?movieId=131537,2019.12.19,8.0,7
20200722,온워드: 단 하루의 기적,/moviedb/main?movieId=129134,2019.12.04,8.6,8
20200722,비바리움,/moviedb/main?movieId=133970,2019.12.04,8.1,9
20200722,슈퍼 레이스,/moviedb/main?movieId=133149,2020.01.01,7.6,10
20200722,마티아스와 막심,/moviedb/main?movieId=131311,2020.01.08,5.0,11
20200722,아디오스,/moviedb/main?movieId=135678,2019.12.24,7.1,12
20200722,부활,/moviedb/main?movieId=142293,2019.12.24,7.9,13
20200722,시네마 천국,/moviedb/main?movieId=1511,2020.01.01,9.0,14
20200729,강철비2: 정상회담,/moviedb/main?movieId=134698,2020.01.15,6.5,0
20200729,반도,/moviedb/main?movieId=125372,2020.01.08,6.7,1
20200729,알라딘,/moviedb/main?movieId=115601,2020.01.15,5.8,2
20200729,빅샤크3: 젤리몬스터 대소동,/moviedb/main?movieId=132160,2019.12.19,6.3,3
20200729,#살아있다,/moviedb/main?movieId=134684,2020.01.08,6.4,4
20200729,소년시절의 너,/moviedb/main?movieId=131537,2019.12.26,8.3,5
20200729,밤쉘: 세상을 바꾼 폭탄선언,/moviedb/main?movieId=136058,2019.12.18,7.7,6
20200729,파리의 인어,/moviedb/main?movieId=138532,2019.12.31,7.7,7
20200729,온워드: 단 하루의 기적,/moviedb/main?movieId=129134,2019.11.21,7.3,8
20200729,존 윅: 특별판,/moviedb/main?movieId=88256,2020.01.16,8.4,9
20200729,블루 아워,/moviedb/main?movieId=129540,2019.12.19,8.0,10
20200729,소년 아메드,/moviedb/main?movieId=131307,2019.12.04,8.1,11
20200729,세인트 주디 ,/moviedb/main?movieId=127958,2019.12.04,8.6,12
20200729,1942: 언노운 배틀,/moviedb/main?movieId=142064,2020.01.22,6.3,13
20200729,마티아스와 막심,/moviedb/main?movieId=131311,2020.01.15,6.1,14
20200805,다만 악에서 구하소서,/moviedb/main?movieId=127897,2020.01.22,8.4,0
20200805,강철비2: 정상회담,/moviedb/main?movieId=134698,2020.01.22,6.3,1
20200805,반도,/moviedb/main?movieId=125372,2020.01.22,5.2,2
20200805,애니멀 크래커,/moviedb/main?movieId=111582,2020.01.15,6.5,3
20200805,빅샤크3: 젤리몬스터 대소동,/moviedb/main?movieId=132160,2020.01.22,8.2,4
20200805,알라딘,/moviedb/main?movieId=115601,2020.01.08,6.7,5
20200805,미녀와 야수,/moviedb/main?movieId=92739,2020.01.15,5.8,6
20200805,소년시절의 너,/moviedb/main?movieId=131537,2019.12.19,6.3,7
20200805,온워드: 단 하루의 기적,/moviedb/main?movieId=129134,2020.01.16,8.4,8
20200805,오케이 마담,/moviedb/main?movieId=127894,2019.12.26,8.3,9
20200805,밤쉘: 세상을 바꾼 폭탄선언,/moviedb/main?movieId=136058,2020.01.08,6.4,10
20200805,세인트 주디 ,/moviedb/main?movieId=127958,2020.01.22,4.0,11
20200805,존 윅: 특별판,/moviedb/main?movieId=88256,2019.11.21,7.3,12
20200805,소년 아메드,/moviedb/main?movieId=131307,2020.01.23,7.5,13
20200805,파리의 인어,/moviedb/main?movieId=138532,2019.12.24,7.1,14
20200812,다만 악에서 구하소서,/moviedb/main?movieId=127897,2020.01.22,8.4,0
20200812,오케이 마담,/moviedb/main?movieId=127894,2020.01.22,6.3,1
20200812,강철비2: 정상회담,/moviedb/main?movieId=134698,2020.01.22,5.2,2
20200812,반도,/moviedb/main?movieId=125372,2020.01.22,8.2,3
20200812,애니멀 크래커,/moviedb/main?movieId=111582,2020.01.15,6.5,4
20200812,더 프린세스 : 도둑맞은 공주,/moviedb/main?movieId=123436,2010.07.21,8.7,5
20200812,인셉션,/moviedb/main?movieId=50364,2020.01.16,8.4,6
20200812,반교: 디텐션,/moviedb/main?movieId=135307,2020.01.08,6.7,7
20200812,알라딘,/moviedb/main?movieId=115601,2020.01.15,5.8,8
20200812,워터 릴리스,/moviedb/main?movieId=45489,2019.12.04,8.1,9
20200812,작은 소망,/moviedb/main?movieId=128393,2020.01.30,6.5,10
20200812,엘라 벨라 빙고: 친구 찾기 대작전,/moviedb/main?movieId=139195,2020.01.29,5.3,11
20200812,비바리움,/moviedb/main?movieId=133970,2020.01.22,4.0,12
20200812,빅샤크3: 젤리몬스터 대소동,/moviedb/main?movieId=132160,2019.12.19,6.3,13
20200812,미녀와 야수,/moviedb/main?movieId=92739,2019.12.04,8.6,14
20200819,다만 악에서 구하소서,/moviedb/main?movieId=127897,2020.02.05,6.3,0
20200819,오케이 마담,/moviedb/main?movieId=127894,2020.01.22,8.4,1
20200819,테넷,/moviedb/main?movieId=132861,2020.02.05,5.8,2
20200819,극장판 짱구는 못말려: 신혼여행 허리케인~ 사라진 아빠!,/moviedb/main?movieId=130931,2020.01.22,6.3,3
20200819,강철비2: 정상회담,/moviedb/main?movieId=134698,2020.02.06,7.2,4
20200819,반도,/moviedb/main?movieId=125372,2020.02.05,8.4,5
20200819,더 프린세스 : 도둑맞은 공주,/moviedb/main?movieId=123436,2010.07.21,8.7,6
20200819,인셉션,/moviedb/main?movieId=50364,2020.01.22,8.2,7
20200819,반교: 디텐션,/moviedb/main?movieId=135307,2020.01.16,8.4,8
20200819,메멘토,/moviedb/main?movieId=3134,2020.02.05,7.8,9
20200819,애니멀 크래커,/moviedb/main?movieId=111582,2020.01.22,5.2,10
20200819,시크릿 가든,/moviedb/main?movieId=137236,2020.02.12,7.3,11
20200819,나의 소녀시대,/moviedb/main?movieId=97123,2019.12.04,8.1,12
20200819,남매의 여름밤,/moviedb/main?movieId=135084,2020.02.06,6.9,13
20200819,69세,/moviedb/main?movieId=134949,2020.01.15,6.5,14
20200826,테넷,/moviedb/main?movieId=132861,2020.02.12,7.3,0
20200826,다만 악에서 구하소서,/moviedb/main?movieId=127897,2020.02.05,6.3,1
20200826,오케이 마담,/moviedb/main?movieId=127894,2020.02.12,7.3,2
20200826,극장판 짱구는 못말려: 신혼여행 허리케인~ 사라진 아빠!,/moviedb/main?movieId=130931,2020.01.22,8.4,3
20200826,강철비2: 정상회담,/moviedb/main?movieId=134698,2019.05.30,7.9,4
20200826,반도,/moviedb/main?movieId=125372,2020.02.05,5.8,5
20200826,반교: 디텐션,/moviedb/main?movieId=135307,2020.02.12,6.8,6
20200826,남매의 여름밤,/moviedb/main?movieId=135084,2020.01.22,6.3,7
20200826,메멘토,/moviedb/main?movieId=3134,2020.02.05,8.4,8
20200826,시크릿 가든,/moviedb/main?movieId=137236,2020.02.06,7.2,9
20200826,나의 소녀시대,/moviedb/main?movieId=97123,2020.02.13,7.4,10
20200826,#살아있다,/moviedb/main?movieId=134684,2010.07.21,8.7,11
20200826,69세,/moviedb/main?movieId=134949,2020.01.16,8.4,12
20200826,후쿠오카,/moviedb/main?movieId=128568,2020.02.05,7.8,13
20200826,밤쉘: 세상을 바꾼 폭탄선언,/moviedb/main?movieId=136058,2020.02.06,6.9,14
20200902,테넷,/moviedb/main?movieId=132861,2020.02.12,7.3,0
20200902,오! 문희,/moviedb/main?movieId=125231,2020.02.19,7.0,1
20200902,다만 악에서 구하소서,/moviedb/main?movieId=127897,2020.02.19,7.6,2
20200902,오케이 마담,/moviedb/main?movieId=127894,2020.02.12,7.3,3
20200902,극장판 짱구는 못말려: 신혼여행 허리케인~ 사라진 아빠!,/moviedb/main?movieId=130931,2020.02.05,6.3,4
20200902,드라이브,/moviedb/main?movieId=61578,2019.05.30,7.9,5
20200902,고스트 오브 워,/moviedb/main?movieId=132577,2020.02.12,6.8,6
20200902,남매의 여름밤,/moviedb/main?movieId=135084,2020.01.22,8.4,7
20200902,카일라스 가는 길,/moviedb/main?movieId=124245,2020.02.19,6.7,8
20200902,메멘토,/moviedb/main?movieId=3134,2020.02.05,5.8,9
20200902,강철비2: 정상회담,/moviedb/main?movieId=134698,2020.02.05,8.4,10
20200902,반교: 디텐션,/moviedb/main?movieId=135307,2020.02.19,8.7,11
20200902,후쿠오카,/moviedb/main?movieId=128568,2020.02.06,7.2,12
20200902,아메리칸 잡,/moviedb/main?movieId=129489,2020.02.13,7.4,13
20200902,하워즈 엔드,/moviedb/main?movieId=13630,2020.01.22,6.3,14
20200909,테넷,/moviedb/main?movieId=132861,2019.12.19,6.3,0
20200909,오! 문희,/moviedb/main?movieId=125231,2019.12.26,8.3,1
20200909,뉴 뮤턴트,/moviedb/main?movieId=112229,2019.12.18,7.7,2
20200909,기기괴괴 성형수,/moviedb/main?movieId=141736,2019.12.31,7.7,3
20200909,다만 악에서 구하소서,/moviedb/main?movieId=127897,2019.11.21,7.3,4
20200909,결백,/moviedb/main?movieId=126126,2019.12.19,8.0,5
20200909,에이바,/moviedb/main?movieId=142665,2019.12.04,8.6,6
20200909,극장판 짱구는 못말려: 신혼여행 허리케인~ 사라진 아빠!,/moviedb/main?movieId=130931,2019.12.04,8.1,7
20200909,오케이 마담,/moviedb/main?movieId=127894,2020.01.01,7.6,8
20200909,드라이브,/moviedb/main?movieId=61578,2019.12.24,7.9,9
20200909,테스와 보낸 여름,/moviedb/main?movieId=129124,2019.12.24,7.1,10
20200909,아무도 없다,/moviedb/main?movieId=143247,2019.12.24,5.3,11
20200909,카일라스 가는 길,/moviedb/main?movieId=124245,2020.01.01,9.0,12
20200909,고스트 오브 워,/moviedb/main?movieId=132577,2020.01.01,8.2,13
20200909,송 오브 러브,/moviedb/main?movieId=128285,2019.12.26,8.0,14
20200916,테넷,/moviedb/main?movieId=132861,2020.01.08,6.7,0
20200916,뮬란,/moviedb/main?movieId=110139,2019.12.19,6.3,1
20200916,오! 문희,/moviedb/main?movieId=125231,2020.01.08,6.4,2
20200916,기기괴괴 성형수,/moviedb/main?movieId=141736,2019.12.26,8.3,3
20200916,뉴 뮤턴트,/moviedb/main?movieId=112229,2019.12.31,7.7,4
20200916,다만 악에서 구하소서,/moviedb/main?movieId=127897,2019.12.18,7.7,5
20200916,더 렌탈 : 소리없는 감시자,/moviedb/main?movieId=139679,2019.11.21,7.3,6
20200916,결백,/moviedb/main?movieId=126126,2019.12.19,8.0,7
20200916,극장판 짱구는 못말려: 신혼여행 허리케인~ 사라진 아빠!,/moviedb/main?movieId=130931,2019.12.04,8.6,8
20200916,도망친 여자,/moviedb/main?movieId=138778,2019.12.04,8.1,9
20200916,비독: 파리의 황제,/moviedb/main?movieId=120120,2020.01.01,7.6,10
20200916,오케이 마담,/moviedb/main?movieId=127894,2020.01.08,5.0,11
20200916,지니어스 독,/moviedb/main?movieId=143263,2019.12.24,7.1,12
20200916,매지컬: 공주를 웃겨라,/moviedb/main?movieId=143768,2019.12.24,7.9,13
20200916,에이바,/moviedb/main?movieId=142665,2020.01.01,9.0,14
20200923,테넷,/moviedb/main?movieId=132861,2020.01.15,6.5,0
20200923,검객,/moviedb/main?movieId=110022,2020.01.08,6.7,1
20200923,디바,/moviedb/main?movieId=122807,2020.01.15,5.8,2
20200923,브레이크 더 사일런스: 더 무비,/moviedb/main?movieId=143594,2019.12.19,6.3,3
20200923,뮬란,/moviedb/main?movieId=110139,2020.01.08,6.4,4
20200923,오! 문희,/moviedb/main?movieId=125231,2019.12.26,8.3,5
20200923,아웃포스트,/moviedb/main?movieId=142856,2019.12.18,7.7,6
20200923,기기괴괴 성형수,/moviedb/main?movieId=141736,2019.12.31,7.7,7
20200923,강철비2: 정상회담,/moviedb/main?movieId=134698,2019.11.21,7.3,8
20200923,극장판 엉덩이 탐정: 텐텐마을의 수수께끼,/moviedb/main?movieId=144061,2020.01.16,8.4,9
20200923,다만 악에서 구하소서,/moviedb/main?movieId=127897,2019.12.19,8.0,10
20200923,프란시스 하,/moviedb/main?movieId=73620,2019.12.04,8.1,11
20200923,도망친 여자,/moviedb/main?movieId=138778,2019.12.04,8.6,12
20200923,다시 만난 날들,/moviedb/main?movieId=143188,2020.01.22,6.3,13
20200923,극장판 짱구는 못말려: 신혼여행 허리케인~ 사라진 아빠!,/moviedb/main?movieId=130931,2020.01.15,6.1,14
20200930,담보,/moviedb/main?movieId=129891,2020.01.22,8.4,0
20200930,국제수사,/moviedb/main?movieId=121616,2020.01.22,6.3,1
20200930,그린랜드,/moviedb/main?movieId=142669,2020.01.22,5.2,2
20200930,테넷,/moviedb/main?movieId=132861,2020.01.15,6.5,3
20200930,죽지않는 인간들의 밤,/moviedb/main?movieId=130200,2020.01.22,8.2,4
20200930,극장판 포켓몬스터 뮤츠의 역습 EVOLUTION,/moviedb/main?movieId=133600,2020.01.08,6.7,5
20200930,검객,/moviedb/main?movieId=110022,2020.01.15,5.8,6
20200930,"그대, 고맙소 : 김호중 생애 첫 팬미팅 무비",/moviedb/main?movieId=144265,2019.12.19,6.3,7
20200930,극장판 미니특공대: 햄버거괴물의 습격,/moviedb/main?movieId=144215,2020.01.16,8.4,8
20200930,브레이크 더 사일런스: 더 무비,/moviedb/main?movieId=143594,2019.12.26,8.3,9
20200930,강철비2 : 정상회담 확장판,/moviedb/main?movieId=,2020.01.08,6.4,10
20200930,오! 문희,/moviedb/main?movieId=125231,2020.01.22,4.0,11
20200930,디바,/moviedb/main?movieId=122807,2019.11.21,7.3,12
20200930,아웃포스트,/moviedb/main?movieId=142856,2020.01.23,7.5,13
20200930,뮬란,/moviedb/main?movieId=110139,2019.12.24,7.1,14
20201007,담보,/moviedb/main?movieId=129891,2020.01.22,8.4,0
20201007,언힌지드,/moviedb/main?movieId=141879,2020.01.22,6.3,1
20201007,국제수사,/moviedb/main?movieId=121616,2020.01.22,5.2,2
20201007,그린랜드,/moviedb/main?movieId=142669,2020.01.22,8.2,3
20201007,테넷,/moviedb/main?movieId=132861,2020.01.15,6.5,4
20201007,애프터: 그 후,/moviedb/main?movieId=142908,2010.07.21,8.7,5
20201007,극장판 포켓몬스터 뮤츠의 역습 EVOLUTION,/moviedb/main?movieId=133600,2020.01.16,8.4,6
20201007,"그대, 고맙소 : 김호중 생애 첫 팬미팅 무비",/moviedb/main?movieId=144265,2020.01.08,6.7,7
20201007,"어디갔어, 버나뎃",/moviedb/main?movieId=122545,2020.01.15,5.8,8
20201007,브레이크 더 사일런스: 더 무비,/moviedb/main?movieId=143594,2019.12.04,8.1,9
20201007,죽지않는 인간들의 밤,/moviedb/main?movieId=130200,2020.01.30,6.5,10
20201007,검객,/moviedb/main?movieId=110022,2020.01.29,5.3,11
20201007,극장판 미니특공대: 햄버거괴물의 습격,/moviedb/main?movieId=144215,2020.01.22,4.0,12
20201007,밥정,/moviedb/main?movieId=131704,2019.12.19,6.3,13
20201007,해수의 아이,/moviedb/main?movieId=132307,2019.12.04,8.6,14
20201014,소리도 없이,/moviedb/main?movieId=133189,2020.02.05,6.3,0
20201014,담보,/moviedb/main?movieId=129891,2020.01.22,8.4,1
20201014,테넷,/moviedb/main?movieId=132861,2020.02.05,5.8,2
20201014,언힌지드,/moviedb/main?movieId=141879,2020.01.22,6.3,3
20201014,폰조,/moviedb/main?movieId=120528,2020.02.06,7.2,4
20201014,그린랜드,/moviedb/main?movieId=142669,2020.02.05,8.4,5
20201014,국제수사,/moviedb/main?movieId=121616,2010.07.21,8.7,6
20201014,"그대, 고맙소 : 김호중 생애 첫 팬미팅 무비",/moviedb/main?movieId=144265,2020.01.22,8.2,7
20201014,돌멩이,/moviedb/main?movieId=124565,2020.01.16,8.4,8
20201014,극장판 요괴워치: 포에버 프렌즈,/moviedb/main?movieId=127416,2020.02.05,7.8,9
20201014,"어디갔어, 버나뎃",/moviedb/main?movieId=122545,2020.01.22,5.2,10
20201014,애프터: 그 후,/moviedb/main?movieId=142908,2020.02.12,7.3,11
20201014,브레이크 더 사일런스: 더 무비,/moviedb/main?movieId=143594,2019.12.04,8.1,12
20201014,기기괴괴 성형수,/moviedb/main?movieId=141736,2020.02.06,6.9,13
20201014,극장판 포켓몬스터 뮤츠의 역습 EVOLUTION,/moviedb/main?movieId=133600,2020.01.15,6.5,14
20201021,삼진그룹 영어토익반,/moviedb/main?movieId=135112,2020.02.12,7.3,0
20201021,담보,/moviedb/main?movieId=129891,2020.02.05,6.3,1
20201021,소리도 없이,/moviedb/main?movieId=133189,2020.02.12,7.3,2
20201021,미스터트롯: 더 무비,/moviedb/main?movieId=144881,2020.01.22,8.4,3
20201021,페이트 스테이 나이트 헤븐즈필 제3장 스프링 송,/moviedb/main?movieId=143204,2019.05.30,7.9,4
20201021,테넷,/moviedb/main?movieId=132861,2020.02.05,5.8,5
20201021,"그대, 고맙소 : 김호중 생애 첫 팬미팅 무비",/moviedb/main?movieId=144265,2020.02.12,6.8,6
20201021,부니베어: 원시시대 대모험,/moviedb/main?movieId=128442,2020.01.22,6.3,7
20201021,종이꽃,/moviedb/main?movieId=128935,2020.02.05,8.4,8
20201021,돌멩이,/moviedb/main?movieId=124565,2020.02.06,7.2,9
20201021,할로윈: 살인마 잭,/moviedb/main?movieId=141917,2020.02.13,7.4,10
20201021,에브리타임 아이 다이,/moviedb/main?movieId=133574,2010.07.21,8.7,11
20201021,무협: 더 코드,/moviedb/main?movieId=141244,2020.01.16,8.4,12
20201021,죽이는 여자,/moviedb/main?movieId=120423,2020.02.05,7.8,13
20201021,21 브릿지: 테러 셧다운 ,/moviedb/main?movieId=131200,2020.02.06,6.9,14
20201028,삼진그룹 영어토익반,/moviedb/main?movieId=135112,2020.02.12,7.3,0
20201028,담보,/moviedb/main?movieId=129891,2020.02.19,7.0,1
20201028,소리도 없이,/moviedb/main?movieId=133189,2020.02.19,7.6,2
20201028,미스터트롯: 더 무비,/moviedb/main?movieId=144881,2020.02.12,7.3,3
20201028,위플래쉬,/moviedb/main?movieId=83493,2020.02.05,6.3,4
20201028,다만 악에서 구하소서 파이널컷,/moviedb/main?movieId=,2019.05.30,7.9,5
20201028,테넷,/moviedb/main?movieId=132861,2020.02.12,6.8,6
20201028,페이트 스테이 나이트 헤븐즈필 제3장 스프링 송,/moviedb/main?movieId=143204,2020.01.22,8.4,7
20201028,테슬라,/moviedb/main?movieId=137974,2020.02.19,6.7,8
20201028,21 브릿지: 테러 셧다운 ,/moviedb/main?movieId=131200,2020.02.05,5.8,9
20201028,"그대, 고맙소 : 김호중 생애 첫 팬미팅 무비",/moviedb/main?movieId=144265,2020.02.05,8.4,10
20201028,마이 리틀 포니: 레인보우 로드 트립,/moviedb/main?movieId=137094,2020.02.19,8.7,11
20201028,엣지 오브 투모로우,/moviedb/main?movieId=70191,2020.02.06,7.2,12
20201028,마틴 에덴,/moviedb/main?movieId=134347,2020.02.13,7.4,13
20201028,담쟁이,/moviedb/main?movieId=141711,2020.01.22,6.3,14
20201104,도굴,/moviedb/main?movieId=131516,2020.02.26,6.2,0
20201104,삼진그룹 영어토익반,/moviedb/main?movieId=135112,2020.02.19,7.6,1
20201104,담보,/moviedb/main?movieId=129891,2020.02.19,7.0,2
20201104,노트북,/moviedb/main?movieId=40380,2020.02.12,7.3,3
20201104,위플래쉬,/moviedb/main?movieId=83493,2020.02.12,7.3,4
20201104,미스터트롯: 더 무비,/moviedb/main?movieId=144881,2020.02.26,7.7,5
20201104,테넷,/moviedb/main?movieId=132861,2004.07.16,8.5,6
20201104,페이트 스테이 나이트 헤븐즈필 제3장 스프링 송,/moviedb/main?movieId=143204,2020.02.05,6.3,7
20201104,소리도 없이,/moviedb/main?movieId=133189,2019.05.30,7.9,8
20201104,다만 악에서 구하소서 파이널컷,/moviedb/main?movieId=,2020.02.05,8.4,9
20201104,21 브릿지: 테러 셧다운 ,/moviedb/main?movieId=131200,2020.02.19,6.7,10
20201104,마틴 에덴,/moviedb/main?movieId=134347,2020.02.27,6.3,11
20201104,부활: 그 증거,/moviedb/main?movieId=142090,2020.02.20,9.0,12
20201104,렛 힘 고,/moviedb/main?movieId=143019,2020.02.27,6.9,13
20201104,테슬라,/moviedb/main?movieId=137974,2020.02.12,6.8,14
20201111,도굴,/moviedb/main?movieId=131516,2019.12.19,6.3,0
20201111,삼진그룹 영어토익반,/moviedb/main?movieId=135112,2019.12.26,8.3,1
20201111,내가 죽던 날,/moviedb/main?movieId=132748,2019.12.18,7.7,2
20201111,극장판 바이올렛 에버가든,/moviedb/main?movieId=127732,2019.12.31,7.7,3
20201111,애비규환,/moviedb/main?movieId=134338,2019.11.21,7.3,4
20201111,킹덤 오브 헤븐: 디렉터스 컷,/moviedb/main?movieId=,2019.12.19,8.0,5
20201111,노트북,/moviedb/main?movieId=40380,2019.12.04,8.6,6
20201111,극장판 바다 탐험대 옥토넛 : 대산호초 보호작전,/moviedb/main?movieId=144888,2019.12.04,8.1,7
20201111,담보,/moviedb/main?movieId=129891,2020.01.01,7.6,8
20201111,테넷,/moviedb/main?movieId=132861,2019.12.24,7.9,9
20201111,걸후드,/moviedb/main?movieId=88747,2019.12.24,7.1,10
20201111,미스터트롯: 더 무비,/moviedb/main?movieId=144881,2019.12.24,5.3,11
20201111,페이트 스테이 나이트 헤븐즈필 제3장 스프링 송,/moviedb/main?movieId=143204,2020.01.01,9.0,12
20201111,21 브릿지: 테러 셧다운 ,/moviedb/main?movieId=131200,2020.01.01,8.2,13
20201111,위플래쉬,/moviedb/main?movieId=83493,2019.12.26,8.0,14
20201118,도굴,/moviedb/main?movieId=131516,2020.01.08,6.7,0
20201118,런,/moviedb/main?movieId=139357,2019.12.19,6.3,1
20201118,삼진그룹 영어토익반,/moviedb/main?movieId=135112,2020.01.08,6.4,2
20201118,내가 죽던 날,/moviedb/main?movieId=132748,2019.12.26,8.3,3
20201118,마리 퀴리,/moviedb/main?movieId=134171,2019.12.31,7.7,4
20201118,이웃사촌,/moviedb/main?movieId=112938,2019.12.18,7.7,5
20201118,택스 콜렉터,/moviedb/main?movieId=142779,2019.11.21,7.3,6
20201118,추억의 검정고무신,/moviedb/main?movieId=145316,2019.12.19,8.0,7
20201118,극장판 바이올렛 에버가든,/moviedb/main?movieId=127732,2019.12.04,8.6,8
20201118,극장판 바다 탐험대 옥토넛 : 대산호초 보호작전,/moviedb/main?movieId=144888,2019.12.04,8.1,9
20201118,요가학원 : 죽음의 쿤달리니,/moviedb/main?movieId=139671,2020.01.01,7.6,10
20201118,킹덤 오브 헤븐: 디렉터스 컷,/moviedb/main?movieId=,2020.01.08,5.0,11
20201118,애비규환,/moviedb/main?movieId=134338,2019.12.24,7.1,12
20201118,노트북,/moviedb/main?movieId=40380,2019.12.24,7.9,13
20201118,안티고네,/moviedb/main?movieId=135009,2020.01.01,9.0,14
20201125,이웃사촌,/moviedb/main?movieId=112938,2020.01.15,6.5,0
20201125,도굴,/moviedb/main?movieId=131516,2020.01.08,6.7,1
20201125,런,/moviedb/main?movieId=139357,2020.01.15,5.8,2
20201125,프리키 데스데이,/moviedb/main?movieId=144633,2019.12.19,6.3,3
20201125,삼진그룹 영어토익반,/moviedb/main?movieId=135112,2020.01.08,6.4,4
20201125,내가 죽던 날,/moviedb/main?movieId=132748,2019.12.26,8.3,5
20201125,극장판 바이올렛 에버가든,/moviedb/main?movieId=127732,2019.12.18,7.7,6
20201125,마리 퀴리,/moviedb/main?movieId=134171,2019.12.31,7.7,7
20201125,추억의 검정고무신,/moviedb/main?movieId=145316,2019.11.21,7.3,8
20201125,가나의 혼인잔치: 언약,/moviedb/main?movieId=145262,2020.01.16,8.4,9
20201125,그리고 우린 춤을 추었다,/moviedb/main?movieId=133947,2019.12.19,8.0,10
20201125,로그,/moviedb/main?movieId=143341,2019.12.04,8.1,11
20201125,페이트 스테이 나이트 헤븐즈필 제3장 스프링 송,/moviedb/main?movieId=143204,2019.12.04,8.6,12
20201125,안티고네,/moviedb/main?movieId=135009,2020.01.22,6.3,13
20201125,그린랜드,/moviedb/main?movieId=142669,2020.01.15,6.1,14
20201202,이웃사촌,/moviedb/main?movieId=112938,2020.01.22,8.4,0
20201202,도굴,/moviedb/main?movieId=131516,2020.01.22,6.3,1
20201202,런,/moviedb/main?movieId=139357,2020.01.22,5.2,2
20201202,더 프롬,/moviedb/main?movieId=138436,2020.01.15,6.5,3
20201202,프리키 데스데이,/moviedb/main?movieId=144633,2020.01.22,8.2,4
20201202,삼진그룹 영어토익반,/moviedb/main?movieId=135112,2020.01.08,6.7,5
20201202,파티마의 기적 ,/moviedb/main?movieId=139951,2020.01.15,5.8,6
20201202,잔칫날,/moviedb/main?movieId=131940,2019.12.19,6.3,7
20201202,극장판 바이올렛 에버가든,/moviedb/main?movieId=127732,2020.01.16,8.4,8
20201202,인터스텔라,/moviedb/main?movieId=62730,2019.12.26,8.3,9
20201202,가나의 혼인잔치: 언약,/moviedb/main?movieId=145262,2020.01.08,6.4,10
20201202,내가 죽던 날,/moviedb/main?movieId=132748,2020.01.22,4.0,11
20201202,덩케르크,/moviedb/main?movieId=103389,2019.11.21,7.3,12
20201202,국제수사,/moviedb/main?movieId=121616,2020.01.23,7.5,13
20201202,택스 콜렉터,/moviedb/main?movieId=142779,2019.12.24,7.1,14
20201209,조제,/moviedb/main?movieId=130427,2020.01.22,8.4,0
20201209,이웃사촌,/moviedb/main?movieId=112938,2020.01.22,6.3,1
20201209,도굴,/moviedb/main?movieId=131516,2020.01.22,5.2,2
20201209,런,/moviedb/main?movieId=139357,2020.01.22,8.2,3
20201209,800,/moviedb/main?movieId=145350,2020.01.15,6.5,4
20201209,인터스텔라,/moviedb/main?movieId=62730,2010.07.21,8.7,5
20201209,더 프롬,/moviedb/main?movieId=138436,2020.01.16,8.4,6
20201209,미드나이트 스카이,/moviedb/main?movieId=138591,2020.01.08,6.7,7
20201209,덩케르크,/moviedb/main?movieId=103389,2020.01.15,5.8,8
20201209,파티마의 기적 ,/moviedb/main?movieId=139951,2019.12.04,8.1,9
20201209,잔칫날,/moviedb/main?movieId=131940,2020.01.30,6.5,10
20201209,삼진그룹 영어토익반,/moviedb/main?movieId=135112,2020.01.29,5.3,11
20201209,극장판 바이올렛 에버가든,/moviedb/main?movieId=127732,2020.01.22,4.0,12
20201209,가나의 혼인잔치: 언약,/moviedb/main?movieId=145262,2019.12.19,6.3,13
20201209,프리키 데스데이,/moviedb/main?movieId=144633,2019.12.04,8.6,14
20201216,조제,/moviedb/main?movieId=130427,2020.02.05,6.3,0
20201216,도굴,/moviedb/main?movieId=131516,2020.01.22,8.4,1
20201216,이웃사촌,/moviedb/main?movieId=112938,2020.02.05,5.8,2
20201216,런,/moviedb/main?movieId=139357,2020.01.22,6.3,3
20201216,러브 액츄얼리,/moviedb/main?movieId=38754,2020.02.06,7.2,4
20201216,800,/moviedb/main?movieId=145350,2020.02.05,8.4,5
20201216,언플랜드,/moviedb/main?movieId=,2010.07.21,8.7,6
20201216,리플레이,/moviedb/main?movieId=112191,2020.01.22,8.2,7
20201216,인터스텔라,/moviedb/main?movieId=62730,2020.01.16,8.4,8
20201216,덩케르크,/moviedb/main?movieId=103389,2020.02.05,7.8,9
20201216,극장판 바이올렛 에버가든,/moviedb/main?movieId=127732,2020.01.22,5.2,10
20201216,소년시절의 너,/moviedb/main?movieId=131537,2020.02.12,7.3,11
20201216,퍼스트 러브,/moviedb/main?movieId=131484,2019.12.04,8.1,12
20201216,호프,/moviedb/main?movieId=135148,2020.02.06,6.9,13
20201216,미드나이트 스카이,/moviedb/main?movieId=138591,2020.01.15,6.5,14
20201223,원더 우먼 1984,/moviedb/main?movieId=115600,2020.02.12,7.3,0
20201223,조제,/moviedb/main?movieId=130427,2020.02.05,6.3,1
20201223,도굴,/moviedb/main?movieId=131516,2020.02.12,7.3,2
20201223,화양연화,/moviedb/main?movieId=2361,2020.01.22,8.4,3
20201223,이웃사촌,/moviedb/main?movieId=112938,2019.05.30,7.9,4
20201223,100% 울프: 푸들이 될 순 없어,/moviedb/main?movieId=142791,2020.02.05,5.8,5
20201223,런,/moviedb/main?movieId=139357,2020.02.12,6.8,6
20201223,러브 액츄얼리,/moviedb/main?movieId=38754,2020.01.22,6.3,7
20201223,리플레이,/moviedb/main?movieId=112191,2020.02.05,8.4,8
20201223,썸머 85,/moviedb/main?movieId=142784,2020.02.06,7.2,9
20201223,러브레터,/moviedb/main?movieId=3262,2020.02.13,7.4,10
20201223,"내 어깨 위 고양이, 밥 2",/moviedb/main?movieId=146130,2010.07.21,8.7,11
20201223,언플랜드,/moviedb/main?movieId=,2020.01.16,8.4,12
20201223,극장판 바이올렛 에버가든,/moviedb/main?movieId=127732,2020.02.05,7.8,13
20201223,1917,/moviedb/main?movieId=134091,2020.02.06,6.9,14
